first_name;last_name;email;phone
Dentuman;Waskito;Dentuman@meong.com;97904772
Dodi;Masriono;Dodi@meong.com;77331796
Yanti;Supriyatna;Yanti@meong.com;39184593
Andi;Fernando;Andi@meong.com;95510841
Erwin;Wijaya;Erwin@meong.com;15058510
Rita;Dewi;Rita@meong.com;76447524
Ita;Indrasyawari;Ita@meong.com;51664395
Amiruddin;Skm;Amiruddin@meong.com;75268209
Nilawati;AmAk;Nilawati@meong.com;11553290
Syafrizal;abc;Syafrizal@meong.com;96832187
Enidawati;Bsc;Enidawati@meong.com;86732144
Zainurmi;def;Zainurmi@meong.com;67151443
Herlina;AmKeb;Herlina@meong.com;38791023
Lenny;Anggeraini;Anggeraini@miaw.com;64100050
Desmayenti;hij;hij@miaw.com;88703952
Yeni;Rita;Rita@miaw.com;99872331
Yulia;Reflina;Reflina@miaw.com;71201924
Suzanah;klmn;klmn@miaw.com;34580668
Yenni;Srirahayu;Srirahayu@miaw.com;56065515
Maryani;AmKep;AmKep@miaw.com;64469774
Ana;Ftimah;Ftimah@miaw.com;40087341
Kristina;Sundari;Sundari@miaw.com;27147538
Tika;Sihombing;Sihombing@miaw.com;45039842
Eni;Susanawati;Susanawati@miaw.com;93025879
Pitria;Ningsih;Ningsih@miaw.com;14958919
Rts;Leli;Leli@miaw.com;66395727
Eka;Meilani;Meilani@miaw.com;89853305
Elly;Oktaviani;Oktaviani@miaw.com;47031920
Maryatun;opqr;opqr@miaw.com;52516496
Fitri;Anggraini;Anggraini@miaw.com;83449224
Senny;Fitriyanti;Fitriyanti@miaw.com;49515263
Nunung;Fuswanti;Fuswanti@miaw.com;26134666
Irawan;stu;stu@miaw.com;44124855
